{
	"60+0": {
		"slope": 7.573525700171205,
		"offset": 955.0570408399874,
		"r2": 0.04100460500730685,
		"sampleSize": 9193
	},
	"120+1": {
		"slope": 10.726940438285366,
		"offset": 674.0452205931285,
		"r2": 0.0702562625473806,
		"sampleSize": 9019
	},
	"180+0": {
		"slope": 13.249184712918725,
		"offset": 513.337300059799,
		"r2": 0.11043346767157436,
		"sampleSize": 9232
	},
	"180+2": {
		"slope": 14.001599982455446,
		"offset": 427.4145779618762,
		"r2": 0.12247464502312144,
		"sampleSize": 9106
	},
	"300+0": {
		"slope": 14.176011583200905,
		"offset": 415.74934171004463,
		"r2": 0.1361262066684613,
		"sampleSize": 9027
	},
	"300+3": {
		"slope": 14.722228788865266,
		"offset": 348.2773695408082,
		"r2": 0.13468352390995897,
		"sampleSize": 9005
	},
	"600+0": {
		"slope": 15.372685026886048,
		"offset": 320.0837029636451,
		"r2": 0.16299230094625572,
		"sampleSize": 9039
	},
	"600+5": {
		"slope": 15.959971137189843,
		"offset": 253.80761627315164,
		"r2": 0.17027161024771387,
		"sampleSize": 9003
	}
}
